config;replication;tp;fp;micro prec;macro prec;tp (xor);fp (xor);micro prec (xor);macro prec (xor);tp (order);fp (order);micro prec (order);macro prec (order);tp (co-occ);fp (co-occ);micro prec (co-occ);macro prec (co-occ);tp (abs);fp (abs);micro prec (abs);macro prec (abs);tp (abs xor);fp (abs xor);micro prec (abs xor);macro prec (abs xor);tp (abs order);fp (abs order);micro prec (abs order);macro prec (abs order);tp (abs co-occ);fp (abs co-occ);micro prec (abs co-occ);macro prec (abs co-occ);tp (variant);fp (variant);micro prec (variant);macro prec (variant);tp (traces);fp (traces);micro prec (traces);macro prec (traces);runtime (h:mm:ss.ms)
sim_mode:SimMode.EQUAL_filter_heuristics_rank:True;0;2968;1306;0.6944314459522696;0.9074740911102058;1532;504;0.7524557956777996;0.9452180577975066;1117;172;0.8665632273079907;0.970385151767567;319;630;0.3361433087460485;0.9298740643619051;94766;359864;0.20844642896421264;0.8654319593879587;42157;121612;0.25741745995884446;0.9356178483408578;42768;61098;0.4117613078389463;0.958562135418485;9841;177154;0.05262707559025642;0.9206062406471582;133614;2288;0.9831643390089918;0.9968718787198365;175802;137756;0.5606682017362019;0.9244566236598164;0:51:11.297675
sim_mode:SimMode.SYNONYM_filter_heuristics_rank:True;0;5555;4002;0.5812493460290886;0.8349784480700663;1918;1009;0.655278442090878;0.9038743427295841;2667;804;0.7683664649956785;0.9090335712383635;970;2189;0.30705919594808484;0.8177166371494845;170531;1243045;0.12063801309586467;0.721168759776924;51109;247262;0.17129345680377786;0.885012787068101;89160;374124;0.19245214598388893;0.8436362474924315;30262;621659;0.046419734906530084;0.7892047022695305;252632;11693;0.9557627920174028;0.9930677671325121;343517;354791;0.4919276307875608;0.8385547044766899;7:39:08.344037
sim_mode:SimMode.SEMANTIC_SIM_sim_thres:0.7_filter_heuristics_rank:True;0;3443;1749;0.663135593220339;0.8881276475953623;1623;563;0.742451967063129;0.9401775610508107;1428;247;0.8525373134328358;0.9577399067366663;392;939;0.29451540195341847;0.9033946365980493;108600;490404;0.18130095959292425;0.8296092198826918;44341;135771;0.24618570667140446;0.9289972392863597;52599;93192;0.36078358746424677;0.9397533138467777;11660;261441;0.04269482718847606;0.8895818485035721;162168;3420;0.9793463294441627;0.9959829631171139;213483;185130;0.5355645701469847;0.9031595523027512;1:25:49.249261
