config;replication;tp;fp;micro prec;macro prec;tp (xor);fp (xor);micro prec (xor);macro prec (xor);tp (order);fp (order);micro prec (order);macro prec (order);tp (co-occ);fp (co-occ);micro prec (co-occ);macro prec (co-occ);tp (abs);fp (abs);micro prec (abs);macro prec (abs);tp (abs xor);fp (abs xor);micro prec (abs xor);macro prec (abs xor);tp (abs order);fp (abs order);micro prec (abs order);macro prec (abs order);tp (abs co-occ);fp (abs co-occ);micro prec (abs co-occ);macro prec (abs co-occ);tp (variant);fp (variant);micro prec (variant);macro prec (variant);tp (traces);fp (traces);micro prec (traces);macro prec (traces);runtime (h:mm:ss.ms)
sim_mode:SimMode.EQUAL_filter_heuristics_rank:True;0;2928;1017;0.7422053231939163;0.9148893897162991;1580;540;0.7452830188679245;0.9403144231004399;1114;183;0.8589051657671549;0.969133913598956;234;294;0.4431818181818182;0.9580900816070308;92965;272160;0.2546114344402602;0.880231377851298;43409;130737;0.2492678557072801;0.9304663112830855;42601;63140;0.40288062341003017;0.957544738727385;6955;78283;0.08159506323470753;0.9502207023205577;120416;1734;0.9858043389275482;0.9972982540526262;158603;115032;0.5796151808065488;0.9325900906619357;0:51:37.577435
sim_mode:SimMode.SEMANTIC_SIM_sim_thres:0.7_filter_heuristics_rank:True;0;3380;1463;0.6979145157959942;0.894904667613546;1658;622;0.7271929824561404;0.9322894247152721;1423;261;0.8450118764845606;0.9561218292711314;299;580;0.34015927189988626;0.9308792372881357;105569;407603;0.20571855050548354;0.8436441913845341;44773;148314;0.23187992977258956;0.9193685889701495;52003;99797;0.3425757575757576;0.9367496457423339;8793;159492;0.052250646225153755;0.918988498393347;147537;2886;0.9808141042260824;0.9963613517929398;195030;162236;0.5458957751367328;0.9111502532385639;1:26:09.457502
